insert into CLIENTS (id, email_address, name, surname) values (1, 'celam0@scientificamerican.com', 'Correna', 'Elam');
insert into CLIENTS (id, email_address, name, surname) values (2, 'lgarci1@seesaa.net', 'Lula', 'Garci');
insert into CLIENTS (id, email_address, name, surname) values (3, 'bdameisele2@earthlink.net', 'Brendis', 'Dameisele');
insert into CLIENTS (id, email_address, name, surname) values (4, 'rkiddye3@mozilla.com', 'Rusty', 'Kiddye');
insert into CLIENTS (id, email_address, name, surname) values (5, 'wridhole4@slideshare.net', 'Whitby', 'Ridhole');
insert into CLIENTS (id, email_address, name, surname) values (6, 'tshadfourth5@sun.com', 'Todd', 'Shadfourth');
insert into CLIENTS (id, email_address, name, surname) values (7, 'gtrunkfield6@weibo.com', 'Gayle', 'Trunkfield');
insert into CLIENTS (id, email_address, name, surname) values (8, 'mscandroot7@wix.com', 'Maribel', 'Scandroot');
insert into CLIENTS (id, email_address, name, surname) values (9, 'dpatek8@netvibes.com', 'Devi', 'Patek');
insert into CLIENTS (id, email_address, name, surname) values (10, 'rpaynter9@java.com', 'Rutter', 'Paynter');

insert into CLIENT_ENTITY_TELEPHONE_NUMBERS (client_entity_id, telephone_numbers) values (1, '303-490-0339');
insert into CLIENT_ENTITY_TELEPHONE_NUMBERS (client_entity_id, telephone_numbers) values (2, '824-847-5386');
insert into CLIENT_ENTITY_TELEPHONE_NUMBERS (client_entity_id, telephone_numbers) values (3, '496-487-9813');
insert into CLIENT_ENTITY_TELEPHONE_NUMBERS (client_entity_id, telephone_numbers) values (4, '991-629-5937');
insert into CLIENT_ENTITY_TELEPHONE_NUMBERS (client_entity_id, telephone_numbers) values (5, '664-589-2368');
insert into CLIENT_ENTITY_TELEPHONE_NUMBERS (client_entity_id, telephone_numbers) values (6, '943-650-0750');
insert into CLIENT_ENTITY_TELEPHONE_NUMBERS (client_entity_id, telephone_numbers) values (7, '881-616-6855');
insert into CLIENT_ENTITY_TELEPHONE_NUMBERS (client_entity_id, telephone_numbers) values (8, '714-233-5929');
insert into CLIENT_ENTITY_TELEPHONE_NUMBERS (client_entity_id, telephone_numbers) values (9, '808-856-8403');
insert into CLIENT_ENTITY_TELEPHONE_NUMBERS (client_entity_id, telephone_numbers) values (10, '394-488-7307');

insert into projects_addresses (id, apartment_number, city, country, house_number, post_code, street) values (1, 18, 'Niort', 'France', 442, '79004 CEDEX', 'Superior');
insert into projects_addresses (id, apartment_number, city, country, house_number, post_code, street) values (2, 22, 'Nila Dua', 'Indonesia', 856, 234, 'Briar Crest');
insert into projects_addresses (id, apartment_number, city, country, house_number, post_code, street) values (3, 9, 'Wiśniewo', 'Poland', 929, '06-521', 'Melvin');
insert into projects_addresses (id, apartment_number, city, country, house_number, post_code, street) values (4, 40, 'Ojos de Agua', 'Honduras', 306, 234, 'Armistice');
insert into projects_addresses (id, apartment_number, city, country, house_number, post_code, street) values (5, 20, 'Las Palmas', 'Mexico', 674, '71984', 'School');
insert into projects_addresses (id, apartment_number, city, country, house_number, post_code, street) values (6, 6, 'Penghua', 'China', 272, 234, 'Talisman');
insert into projects_addresses (id, apartment_number, city, country, house_number, post_code, street) values (7, 44, 'San Antonio', 'Mexico', 987, '71200', 'North');
insert into projects_addresses (id, apartment_number, city, country, house_number, post_code, street) values (8, 3, 'Plateliai', 'Lithuania', 604, '90036', 'American');
insert into projects_addresses (id, apartment_number, city, country, house_number, post_code, street) values (9, 7, 'Narawayong', 'Indonesia', 688, 1233, 'Waywood');
insert into projects_addresses (id, apartment_number, city, country, house_number, post_code, street) values (10, 26, 'Semikarakorsk', 'Russia', 92, '346630', 'Jenifer');
insert into projects_addresses (id, apartment_number, city, country, house_number, post_code, street) values (11, 2, 'Hwasun', 'South Korea', 152, 234, 'Mariners Cove');
insert into projects_addresses (id, apartment_number, city, country, house_number, post_code, street) values (12, 29, 'Al Jīzah', 'Egypt', 236, 234, 'Glendale');
insert into projects_addresses (id, apartment_number, city, country, house_number, post_code, street) values (13, 14, 'Vamvakoú', 'Greece', 849, 234, 'Cottonwood');
insert into projects_addresses (id, apartment_number, city, country, house_number, post_code, street) values (14, 38, 'Mayong', 'China', 234, 234, 'Stuart');
insert into projects_addresses (id, apartment_number, city, country, house_number, post_code, street) values (15, 19, 'Jambean', 'Indonesia', 232, 234, 'Fuller');
insert into projects_addresses (id, apartment_number, city, country, house_number, post_code, street) values (16, 37, 'Knyaze-Volkonskoye', 'Russia', 922, '658693', 'Blaine');
insert into projects_addresses (id, apartment_number, city, country, house_number, post_code, street) values (17, 32, 'Banjar Anyar', 'Indonesia', 588, 234, 'Bunker Hill');
insert into projects_addresses (id, apartment_number, city, country, house_number, post_code, street) values (18, 2, 'Kenarilang', 'Indonesia', 869, 234, 'Onsgard');
insert into projects_addresses (id, apartment_number, city, country, house_number, post_code, street) values (19, 23, 'Taoyang', 'China', 546, 234, 'Laurel');
insert into projects_addresses (id, apartment_number, city, country, house_number, post_code, street) values (20, 50, 'Nghĩa Hành', 'Vietnam', 901, 23423, 'Iowa');

insert into PROJECTS (id, project_name, start_date, address_id, client_id) values (1, 'Express 3500', '2017-04-29', 4, 5);
insert into PROJECTS (id, project_name, start_date, address_id, client_id) values (2, 'C-Class', '2017-08-14', 8, 9);
insert into PROJECTS (id, project_name, start_date, address_id, client_id) values (3, 'Escort', '2016-12-02', 3, 2);
insert into PROJECTS (id, project_name, start_date, address_id, client_id) values (4, 'Bravada', '2016-10-15', 10, 2);
insert into PROJECTS (id, project_name, start_date, address_id, client_id) values (5, 'S-Class', '2017-09-03', 8, 7);
insert into PROJECTS (id, project_name, start_date, address_id, client_id) values (6, 'Cavalier', '2016-10-31', 10, 6);
insert into PROJECTS (id, project_name, start_date, address_id, client_id) values (7, 'Fox', '2017-03-27', 4, 1);
insert into PROJECTS (id, project_name, start_date, address_id, client_id) values (8, 'S-Class', '2016-11-02', 5, 2);
insert into PROJECTS (id, project_name, start_date, address_id, client_id) values (9, 'Canyon', '2017-01-25', 1, 6);
insert into PROJECTS (id, project_name, start_date, address_id, client_id) values (10, 'Golf', '2017-01-26', 10, 10);


insert into WORKERS (id, name, surname) values (1, 'Elsy', 'Grigolli');
insert into WORKERS (id, name, surname) values (2, 'Germain', 'Larrosa');
insert into WORKERS (id, name, surname) values (3, 'Norry', 'Dady');
insert into WORKERS (id, name, surname) values (4, 'Obadiah', 'Oke');
insert into WORKERS (id, name, surname) values (5, 'Kelwin', 'Hugk');
insert into WORKERS (id, name, surname) values (6, 'Nana', 'Gaskell');
insert into WORKERS (id, name, surname) values (7, 'Seline', 'Roddam');
insert into WORKERS (id, name, surname) values (8, 'Lucila', 'Thamelt');
insert into WORKERS (id, name, surname) values (9, 'Jessa', 'McGrorty');
insert into WORKERS (id, name, surname) values (10, 'Adena', 'Toohey');


insert into PROJECTS_WORKERS (project_entity_id, workers_id) values (1, 9);
insert into PROJECTS_WORKERS (project_entity_id, workers_id) values (2, 9);
insert into PROJECTS_WORKERS (project_entity_id, workers_id) values (3, 9);
insert into PROJECTS_WORKERS (project_entity_id, workers_id) values (4, 3);
insert into PROJECTS_WORKERS (project_entity_id, workers_id) values (5, 9);
insert into PROJECTS_WORKERS (project_entity_id, workers_id) values (6, 1);
insert into PROJECTS_WORKERS (project_entity_id, workers_id) values (7, 4);
insert into PROJECTS_WORKERS (project_entity_id, workers_id) values (8, 4);
insert into PROJECTS_WORKERS (project_entity_id, workers_id) values (9, 5);
insert into PROJECTS_WORKERS (project_entity_id, workers_id) values (10, 9);


insert into TASKS (id, creation_date, description, estimated_task_duration, start_date, status, project_id) values (1, '2016-10-30', 'Unsp superficial injury of unsp part of head, init encntr', 1, '2017-02-27', 3, 1);
insert into TASKS (id, creation_date, description, estimated_task_duration, start_date, status, project_id) values (2, '2017-08-29', 'Car driver injured in clsn w pick-up truck in traf, subs', 1, '2017-09-24', 2, 1);
insert into TASKS (id, creation_date, description, estimated_task_duration, start_date, status, project_id) values (3, '2017-06-14', 'Other disorders affecting eyelid function', 2, '2016-11-14', 2, 2);
insert into TASKS (id, creation_date, description, estimated_task_duration, start_date, status, project_id) values (4, '2016-12-14', 'Toxic effect of unspecified metal, undetermined, sequela', 2, '2017-04-19', 1, 2);
insert into TASKS (id, creation_date, description, estimated_task_duration, start_date, status, project_id) values (5, '2017-04-26', 'Non-pressure chronic ulcer of back with necrosis of muscle', 3, '2017-09-16', 3, 3);
insert into TASKS (id, creation_date, description, estimated_task_duration, start_date, status, project_id) values (6, '2017-09-07', 'Oth fracture of shaft of r humerus, subs for fx w malunion', 3, '2017-09-24', 1, 3);
insert into TASKS (id, creation_date, description, estimated_task_duration, start_date, status, project_id) values (7, '2017-01-27', 'Antiviral drugs', 4, '2017-01-01', 3, 4);
insert into TASKS (id, creation_date, description, estimated_task_duration, start_date, status, project_id) values (8, '2016-12-18', 'Oth nondisp fx of lower end r humer, subs for fx w malunion', 4, '2017-03-18', 3, 4);
insert into TASKS (id, creation_date, description, estimated_task_duration, start_date, status, project_id) values (9, '2017-04-10', 'Other specified diabetes mellitus with foot ulcer', 5, '2017-05-22', 2, 5);
insert into TASKS (id, creation_date, description, estimated_task_duration, start_date, status, project_id) values (10, '2017-10-10', 'Ped on rolr-skt injured in collision w pedl cyc, unsp, subs', 5, '2017-01-26', 3, 5);
insert into TASKS (id, creation_date, description, estimated_task_duration, start_date, status, project_id) values (11, '2017-09-15', 'Person outside hv veh inj in clsn w ped/anml nontraf, subs', 6, '2017-03-24', 1, 6);
insert into TASKS (id, creation_date, description, estimated_task_duration, start_date, status, project_id) values (12, '2017-06-02', 'Unspecified juvenile rheumatoid arthritis, hand', 6, '2017-06-19', 2, 6);
insert into TASKS (id, creation_date, description, estimated_task_duration, start_date, status, project_id) values (13, '2017-05-14', 'Sltr-haris Type II physeal fx unspecified metatarsal, 7thB', 7, '2017-06-26', 1, 7);
insert into TASKS (id, creation_date, description, estimated_task_duration, start_date, status, project_id) values (14, '2017-03-12', 'Azoospermia due to obstruction of efferent ducts', 7, '2017-09-11', 2, 7);
insert into TASKS (id, creation_date, description, estimated_task_duration, start_date, status, project_id) values (15, '2017-07-05', 'Unsp fx low end unsp femr, 7thJ', 8, '2017-04-21', 1, 8);
insert into TASKS (id, creation_date, description, estimated_task_duration, start_date, status, project_id) values (16, '2017-10-10', 'Disp fx of lateral condyle of r femr, 7thP', 8, '2016-11-28', 1, 8);
insert into TASKS (id, creation_date, description, estimated_task_duration, start_date, status, project_id) values (17, '2017-07-18', 'Other superficial bite of ankle, right ankle', 9, '2017-04-12', 3, 9);
insert into TASKS (id, creation_date, description, estimated_task_duration, start_date, status, project_id) values (18, '2016-11-05', 'Terrorism involving biolg weapons, publ sfty offcl injured', 9, '2017-09-15', 3, 9);
insert into TASKS (id, creation_date, description, estimated_task_duration, start_date, status, project_id) values (19, '2017-01-22', 'Nondisp oblique fx shaft of l rad, init for opn fx type I/2', 10, '2017-10-09', 3, 10);
insert into TASKS (id, creation_date, description, estimated_task_duration, start_date, status, project_id) values (20, '2017-09-30', 'Athscl native arteries of left leg w ulceration of ankle', 10, '2017-04-01', 1, 10);

insert into TASKS_ITEMS (id, Description, price, quantity) values (1, '3rd deg burn face NEC', 53, 9);
insert into TASKS_ITEMS (id, Description, price, quantity) values (2, 'Presenile delirium', 25, 73);
insert into TASKS_ITEMS (id, Description, price, quantity) values (3, 'CHF NOS', 50, 35);
insert into TASKS_ITEMS (id, Description, price, quantity) values (4, 'General osteoarthrosis', 90, 14);
insert into TASKS_ITEMS (id, Description, price, quantity) values (5, 'Superfic inj hip/leg NEC', 92, 82);
insert into TASKS_ITEMS (id, Description, price, quantity) values (6, 'Fetal malnutr 2500+g', 99, 4);
insert into TASKS_ITEMS (id, Description, price, quantity) values (7, 'Merkel cell ca-up limb', 10, 79);
insert into TASKS_ITEMS (id, Description, price, quantity) values (8, 'Acc poison-sedatives NOS', 5, 16);
insert into TASKS_ITEMS (id, Description, price, quantity) values (9, 'Capillariasis', 26, 54);
insert into TASKS_ITEMS (id, Description, price, quantity) values (10, 'Polyarthritis NOS-pelvis', 57, 25);
insert into TASKS_ITEMS (id, Description, price, quantity) values (11, 'Nonsp abn find-gu organs', 75, 87);
insert into TASKS_ITEMS (id, Description, price, quantity) values (12, 'Acc cut/hem w catheteriz', 45, 92);
insert into TASKS_ITEMS (id, Description, price, quantity) values (13, 'Dental caries - dentine', 100, 87);
insert into TASKS_ITEMS (id, Description, price, quantity) values (14, 'Allergic rhinitis NEC', 81, 83);
insert into TASKS_ITEMS (id, Description, price, quantity) values (15, 'Visual field defect NOS', 28, 45);
insert into TASKS_ITEMS (id, Description, price, quantity) values (16, 'Traumatic cataract NOS', 40, 92);
insert into TASKS_ITEMS (id, Description, price, quantity) values (17, 'Brain hem NEC-mod coma', 15, 91);
insert into TASKS_ITEMS (id, Description, price, quantity) values (18, 'TB of adrenal-histo dx', 25, 24);
insert into TASKS_ITEMS (id, Description, price, quantity) values (19, 'No vaccin-chronc illness', 80, 90);
insert into TASKS_ITEMS (id, Description, price, quantity) values (20, 'N-traf brd/alit-pers NEC', 32, 26);


insert into TASKS_TASK_ITEMS (task_entity_id, task_items_id) values (9, 1);
insert into TASKS_TASK_ITEMS (task_entity_id, task_items_id) values (19, 2);
insert into TASKS_TASK_ITEMS (task_entity_id, task_items_id) values (7, 3);
insert into TASKS_TASK_ITEMS (task_entity_id, task_items_id) values (12, 4);
insert into TASKS_TASK_ITEMS (task_entity_id, task_items_id) values (9, 5);
insert into TASKS_TASK_ITEMS (task_entity_id, task_items_id) values (11, 6);
insert into TASKS_TASK_ITEMS (task_entity_id, task_items_id) values (3, 7);
insert into TASKS_TASK_ITEMS (task_entity_id, task_items_id) values (14, 8);
insert into TASKS_TASK_ITEMS (task_entity_id, task_items_id) values (11, 9);
insert into TASKS_TASK_ITEMS (task_entity_id, task_items_id) values (16, 10);
insert into TASKS_TASK_ITEMS (task_entity_id, task_items_id) values (3, 11);
insert into TASKS_TASK_ITEMS (task_entity_id, task_items_id) values (11, 12);
insert into TASKS_TASK_ITEMS (task_entity_id, task_items_id) values (12, 13);
insert into TASKS_TASK_ITEMS (task_entity_id, task_items_id) values (11, 14);
insert into TASKS_TASK_ITEMS (task_entity_id, task_items_id) values (17, 15);
insert into TASKS_TASK_ITEMS (task_entity_id, task_items_id) values (8, 16);
insert into TASKS_TASK_ITEMS (task_entity_id, task_items_id) values (7, 17);
insert into TASKS_TASK_ITEMS (task_entity_id, task_items_id) values (16, 18);
insert into TASKS_TASK_ITEMS (task_entity_id, task_items_id) values (3, 19);
insert into TASKS_TASK_ITEMS (task_entity_id, task_items_id) values (3, 20);


insert into TASKS_WORKERS (task_entity_id, workers_id) values (15, 1);
insert into TASKS_WORKERS (task_entity_id, workers_id) values (19, 2);
insert into TASKS_WORKERS (task_entity_id, workers_id) values (19, 3);
insert into TASKS_WORKERS (task_entity_id, workers_id) values (18, 4);
insert into TASKS_WORKERS (task_entity_id, workers_id) values (13, 5);
insert into TASKS_WORKERS (task_entity_id, workers_id) values (18, 6);
insert into TASKS_WORKERS (task_entity_id, workers_id) values (1, 7);
insert into TASKS_WORKERS (task_entity_id, workers_id) values (17, 8);
insert into TASKS_WORKERS (task_entity_id, workers_id) values (18, 9);
insert into TASKS_WORKERS (task_entity_id, workers_id) values (11, 10);

insert into USERS (id, email, name, surname, username, password) values (1, 'memes0@upenn.edu', 'Modestia', 'Emes', 'memes0', '6hiKhp3');
insert into USERS (id, email, name, surname, username, password) values (2, 'ggave1@netlog.com', 'Georgi', 'Gave', 'ggave1', 'DLa2UUjUDmg');
insert into USERS (id, email, name, surname, username, password) values (3, 'rherion2@ocn.ne.jp', 'Ruperta', 'Herion', 'rherion2', 'jSErBM');
insert into USERS (id, email, name, surname, username, password) values (4, 'cdestouche3@wsj.com', 'Carney', 'Destouche', 'cdestouche3', 'OEExzsIxBair');
insert into USERS (id, email, name, surname, username, password) values (5, 'ncoulling4@nsw.gov.au', 'Nona', 'Coulling', 'ncoulling4', 'zesqIhqI7');
insert into USERS (id, email, name, surname, username, password) values (6, 'wcastagnone5@domainmarket.com', 'Welsh', 'Castagnone', 'wcastagnone5', 'b7foDFERH7O');
insert into USERS (id, email, name, surname, username, password) values (7, 'hdidsbury6@timesonline.co.uk', 'Herb', 'Didsbury', 'hdidsbury6', 'uqOXbQn28e');
insert into USERS (id, email, name, surname, username, password) values (8, 'hchellam7@simplemachines.org', 'Hirsch', 'Chellam', 'hchellam7', 'kUXinl4rK5aH');
insert into USERS (id, email, name, surname, username, password) values (9, 'sjenney8@dailymotion.com', 'Shaylynn', 'Jenney', 'sjenney8', '5IuJxSFuL6');
insert into USERS (id, email, name, surname, username, password) values (10, 'nnorkett9@senate.gov', 'Nels', 'Norkett', 'nnorkett9', 'pqt8E44zCFR');

insert into WORKER_ENTITY_TELEPHONE_NUMBERS (worker_entity_id, telephone_numbers) values (8, '2045595313');
insert into WORKER_ENTITY_TELEPHONE_NUMBERS (worker_entity_id, telephone_numbers) values (9, '8791328417');
insert into WORKER_ENTITY_TELEPHONE_NUMBERS (worker_entity_id, telephone_numbers) values (2, '5659493179');
insert into WORKER_ENTITY_TELEPHONE_NUMBERS (worker_entity_id, telephone_numbers) values (8, '3291591067');
insert into WORKER_ENTITY_TELEPHONE_NUMBERS (worker_entity_id, telephone_numbers) values (6, '4096408439');
insert into WORKER_ENTITY_TELEPHONE_NUMBERS (worker_entity_id, telephone_numbers) values (4, '5089755515');
insert into WORKER_ENTITY_TELEPHONE_NUMBERS (worker_entity_id, telephone_numbers) values (3, '3632951961');
insert into WORKER_ENTITY_TELEPHONE_NUMBERS (worker_entity_id, telephone_numbers) values (5, '9205738255');
insert into WORKER_ENTITY_TELEPHONE_NUMBERS (worker_entity_id, telephone_numbers) values (3, '2151130982');
insert into WORKER_ENTITY_TELEPHONE_NUMBERS (worker_entity_id, telephone_numbers) values (7, '6113177203');
insert into WORKER_ENTITY_TELEPHONE_NUMBERS (worker_entity_id, telephone_numbers) values (1, '8465268396');
insert into WORKER_ENTITY_TELEPHONE_NUMBERS (worker_entity_id, telephone_numbers) values (4, '2163977214');
insert into WORKER_ENTITY_TELEPHONE_NUMBERS (worker_entity_id, telephone_numbers) values (9, '8158356779');
insert into WORKER_ENTITY_TELEPHONE_NUMBERS (worker_entity_id, telephone_numbers) values (7, '4575612461');
insert into WORKER_ENTITY_TELEPHONE_NUMBERS (worker_entity_id, telephone_numbers) values (1, '5761334781');

